{
  "model": "resnet18",
  "epochs_run": 100,
  "optimizer": "sgd",
  "lr_final": 0.0,
  "weight_decay": 0.0005,
  "batch_size": 32,
  "accum_steps": 2,
  "max_grad_norm": null,
  "label_smoothing": 0.0,
  "mixup_cutmix": {
    "enabled": true,
    "prob": 0.6,
    "mixup_alpha": 0.2,
    "cutmix_alpha": 1.0,
    "switch_prob": 0.5
  },
  "ema": {
    "enabled": true,
    "decay": 0.9999,
    "eval": false
  },
  "val": {
    "loss": 0.853527719783783,
    "top1": 0.7734,
    "top5": 0.9434
  },
  "test": {
    "loss": 0.7094504383087158,
    "top1": 0.8057,
    "top5": 0.9611
  },
  "ece_raw": 0.022068275982141495,
  "ece_temp_scaled": 0.028767734242975712,
  "temperature": 0.8810027241706848,
  "checkpoint": "./outputs\\resnet18_e100_bs32_acc2_20251201-131328\\checkpoints\\resnet18_best.pt",
  "run_dir": "./outputs\\resnet18_e100_bs32_acc2_20251201-131328"
}