{
  "bin_left": [
    0.0,
    0.06666666666666667,
    0.13333333333333333,
    0.2,
    0.26666666666666666,
    0.3333333333333333,
    0.4,
    0.4666666666666667,
    0.5333333333333333,
    0.6,
    0.6666666666666666,
    0.7333333333333333,
    0.8,
    0.8666666666666667,
    0.9333333333333333
  ],
  "bin_right": [
    0.06666666666666667,
    0.13333333333333333,
    0.2,
    0.26666666666666666,
    0.3333333333333333,
    0.4,
    0.4666666666666667,
    0.5333333333333333,
    0.6,
    0.6666666666666666,
    0.7333333333333333,
    0.8,
    0.8666666666666667,
    0.9333333333333333,
    1.0
  ],
  "bin_acc": [
    0.0,
    0.14705882966518402,
    0.2331838607788086,
    0.3193916380405426,
    0.3904109597206116,
    0.4627329111099243,
    0.4826589524745941,
    0.5810810923576355,
    0.5853658318519592,
    0.6852791905403137,
    0.6824644804000854,
    0.7516340017318726,
    0.8353765606880188,
    0.9014251828193665,
    0.9799277186393738
  ],
  "bin_conf": [
    0.06357955932617188,
    0.10733944922685623,
    0.16669799387454987,
    0.23378875851631165,
    0.30104875564575195,
    0.36532527208328247,
    0.4325101971626282,
    0.49924027919769287,
    0.5646346211433411,
    0.6331331729888916,
    0.7013558745384216,
    0.7678751945495605,
    0.8358301520347595,
    0.9038013219833374,
    0.9854156374931335
  ],
  "bin_count": [
    2,
    102,
    223,
    263,
    292,
    322,
    346,
    370,
    410,
    394,
    422,
    459,
    571,
    842,
    4982
  ]
}