{
  "bin_left": [
    0.0,
    0.06666666666666667,
    0.13333333333333333,
    0.2,
    0.26666666666666666,
    0.3333333333333333,
    0.4,
    0.4666666666666667,
    0.5333333333333333,
    0.6,
    0.6666666666666666,
    0.7333333333333333,
    0.8,
    0.8666666666666667,
    0.9333333333333333
  ],
  "bin_right": [
    0.06666666666666667,
    0.13333333333333333,
    0.2,
    0.26666666666666666,
    0.3333333333333333,
    0.4,
    0.4666666666666667,
    0.5333333333333333,
    0.6,
    0.6666666666666666,
    0.7333333333333333,
    0.8,
    0.8666666666666667,
    0.9333333333333333,
    1.0
  ],
  "bin_acc": [
    0.0,
    0.09090909361839294,
    0.2199999988079071,
    0.25641027092933655,
    0.2986425459384918,
    0.4372881352901459,
    0.4146341383457184,
    0.4927113652229309,
    0.5439093708992004,
    0.6027397513389587,
    0.6380696892738342,
    0.714628279209137,
    0.7472324967384338,
    0.8432432413101196,
    0.9726341962814331
  ],
  "bin_conf": [
    0.0,
    0.11107340455055237,
    0.1705666333436966,
    0.23477669060230255,
    0.29932716488838196,
    0.36835482716560364,
    0.4348521828651428,
    0.4997364580631256,
    0.5677027106285095,
    0.6332257986068726,
    0.7002909779548645,
    0.7666084170341492,
    0.8354096412658691,
    0.9026673436164856,
    0.9885345101356506
  ],
  "bin_count": [
    0,
    55,
    150,
    195,
    221,
    295,
    287,
    343,
    353,
    365,
    373,
    417,
    542,
    740,
    5664
  ]
}