{
  "bin_left": [
    0.0,
    0.06666666666666667,
    0.13333333333333333,
    0.2,
    0.26666666666666666,
    0.3333333333333333,
    0.4,
    0.4666666666666667,
    0.5333333333333333,
    0.6,
    0.6666666666666666,
    0.7333333333333333,
    0.8,
    0.8666666666666667,
    0.9333333333333333
  ],
  "bin_right": [
    0.06666666666666667,
    0.13333333333333333,
    0.2,
    0.26666666666666666,
    0.3333333333333333,
    0.4,
    0.4666666666666667,
    0.5333333333333333,
    0.6,
    0.6666666666666666,
    0.7333333333333333,
    0.8,
    0.8666666666666667,
    0.9333333333333333,
    1.0
  ],
  "bin_acc": [
    0.0,
    0.1111111119389534,
    0.13636364042758942,
    0.28378379344940186,
    0.22857142984867096,
    0.3772455155849457,
    0.46524062752723694,
    0.4663461446762085,
    0.536121666431427,
    0.634441077709198,
    0.7649572491645813,
    0.8207792043685913,
    0.8721920847892761,
    0.9393112659454346,
    0.9615873098373413
  ],
  "bin_conf": [
    0.0,
    0.11017035692930222,
    0.17061294615268707,
    0.23286423087120056,
    0.299389123916626,
    0.3694918155670166,
    0.4355464577674866,
    0.5018818378448486,
    0.5661289095878601,
    0.635177493095398,
    0.7033045887947083,
    0.768460214138031,
    0.8378686904907227,
    0.9045063257217407,
    0.9572752118110657
  ],
  "bin_count": [
    0,
    9,
    44,
    74,
    105,
    167,
    187,
    208,
    263,
    331,
    468,
    770,
    1291,
    2933,
    3150
  ]
}