{
  "bin_left": [
    0.0,
    0.06666666666666667,
    0.13333333333333333,
    0.2,
    0.26666666666666666,
    0.3333333333333333,
    0.4,
    0.4666666666666667,
    0.5333333333333333,
    0.6,
    0.6666666666666666,
    0.7333333333333333,
    0.8,
    0.8666666666666667,
    0.9333333333333333
  ],
  "bin_right": [
    0.06666666666666667,
    0.13333333333333333,
    0.2,
    0.26666666666666666,
    0.3333333333333333,
    0.4,
    0.4666666666666667,
    0.5333333333333333,
    0.6,
    0.6666666666666666,
    0.7333333333333333,
    0.8,
    0.8666666666666667,
    0.9333333333333333,
    1.0
  ],
  "bin_acc": [
    0.0,
    0.0,
    0.1666666716337204,
    0.1304347813129425,
    0.1538461595773697,
    0.2666666805744171,
    0.28378379344940186,
    0.335999995470047,
    0.41496598720550537,
    0.4318181872367859,
    0.4393063485622406,
    0.4450261890888214,
    0.5932835936546326,
    0.720588207244873,
    0.9331277012825012
  ],
  "bin_conf": [
    0.0,
    0.12515734136104584,
    0.16376256942749023,
    0.24155861139297485,
    0.3028479516506195,
    0.369438111782074,
    0.43671220541000366,
    0.501923680305481,
    0.5644243955612183,
    0.6333139538764954,
    0.7002564072608948,
    0.7689009308815002,
    0.8371427059173584,
    0.9068356156349182,
    0.9858683347702026
  ],
  "bin_count": [
    0,
    1,
    6,
    23,
    39,
    60,
    74,
    125,
    147,
    176,
    173,
    191,
    268,
    612,
    8105
  ]
}