{
  "bin_left": [
    0.0,
    0.06666666666666667,
    0.13333333333333333,
    0.2,
    0.26666666666666666,
    0.3333333333333333,
    0.4,
    0.4666666666666667,
    0.5333333333333333,
    0.6,
    0.6666666666666666,
    0.7333333333333333,
    0.8,
    0.8666666666666667,
    0.9333333333333333
  ],
  "bin_right": [
    0.06666666666666667,
    0.13333333333333333,
    0.2,
    0.26666666666666666,
    0.3333333333333333,
    0.4,
    0.4666666666666667,
    0.5333333333333333,
    0.6,
    0.6666666666666666,
    0.7333333333333333,
    0.8,
    0.8666666666666667,
    0.9333333333333333,
    1.0
  ],
  "bin_acc": [
    0.0,
    0.1111111119389534,
    0.17721518874168396,
    0.21621622145175934,
    0.30985915660858154,
    0.35684648156166077,
    0.4094488322734833,
    0.462462455034256,
    0.5714285969734192,
    0.5950704216957092,
    0.6260162591934204,
    0.7044917345046997,
    0.7850467562675476,
    0.8808743357658386,
    0.9715986251831055
  ],
  "bin_conf": [
    0.0,
    0.1230945736169815,
    0.17137962579727173,
    0.23611599206924438,
    0.3020598590373993,
    0.36769306659698486,
    0.4366615414619446,
    0.5003892183303833,
    0.5669090151786804,
    0.6330861449241638,
    0.6979596018791199,
    0.7679953575134277,
    0.8341192007064819,
    0.9038412570953369,
    0.9819641709327698
  ],
  "bin_count": [
    0,
    18,
    79,
    148,
    213,
    241,
    254,
    333,
    308,
    284,
    369,
    423,
    535,
    915,
    5880
  ]
}