{
  "bin_left": [
    0.0,
    0.06666666666666667,
    0.13333333333333333,
    0.2,
    0.26666666666666666,
    0.3333333333333333,
    0.4,
    0.4666666666666667,
    0.5333333333333333,
    0.6,
    0.6666666666666666,
    0.7333333333333333,
    0.8,
    0.8666666666666667,
    0.9333333333333333
  ],
  "bin_right": [
    0.06666666666666667,
    0.13333333333333333,
    0.2,
    0.26666666666666666,
    0.3333333333333333,
    0.4,
    0.4666666666666667,
    0.5333333333333333,
    0.6,
    0.6666666666666666,
    0.7333333333333333,
    0.8,
    0.8666666666666667,
    0.9333333333333333,
    1.0
  ],
  "bin_acc": [
    0.0,
    0.1428571492433548,
    0.17910447716712952,
    0.22058823704719543,
    0.30481284856796265,
    0.31555554270744324,
    0.40336135029792786,
    0.4424242377281189,
    0.5351170301437378,
    0.5965517163276672,
    0.6257143020629883,
    0.6734177470207214,
    0.7726396918296814,
    0.8467933535575867,
    0.9700393080711365
  ],
  "bin_conf": [
    0.0,
    0.126560240983963,
    0.17142131924629211,
    0.2376428246498108,
    0.3032277822494507,
    0.36678358912467957,
    0.4332660436630249,
    0.501305341720581,
    0.5662651062011719,
    0.6322077512741089,
    0.7017200589179993,
    0.7689734101295471,
    0.834691047668457,
    0.9043179154396057,
    0.9840355515480042
  ],
  "bin_count": [
    0,
    14,
    67,
    136,
    187,
    225,
    238,
    330,
    299,
    290,
    350,
    395,
    519,
    842,
    6108
  ]
}