{
  "bin_left": [
    0.0,
    0.06666666666666667,
    0.13333333333333333,
    0.2,
    0.26666666666666666,
    0.3333333333333333,
    0.4,
    0.4666666666666667,
    0.5333333333333333,
    0.6,
    0.6666666666666666,
    0.7333333333333333,
    0.8,
    0.8666666666666667,
    0.9333333333333333
  ],
  "bin_right": [
    0.06666666666666667,
    0.13333333333333333,
    0.2,
    0.26666666666666666,
    0.3333333333333333,
    0.4,
    0.4666666666666667,
    0.5333333333333333,
    0.6,
    0.6666666666666666,
    0.7333333333333333,
    0.8,
    0.8666666666666667,
    0.9333333333333333,
    1.0
  ],
  "bin_acc": [
    0.0,
    0.0833333358168602,
    0.1428571492433548,
    0.23255814611911774,
    0.35384616255760193,
    0.34188035130500793,
    0.4580152630805969,
    0.4722222089767456,
    0.5180723071098328,
    0.59375,
    0.7120253443717957,
    0.7670329809188843,
    0.8610478639602661,
    0.9346582293510437,
    0.962598443031311
  ],
  "bin_conf": [
    0.0,
    0.10955855995416641,
    0.1720241755247116,
    0.2346542477607727,
    0.30028438568115234,
    0.36935320496559143,
    0.4351831376552582,
    0.5007311701774597,
    0.5663985013961792,
    0.6349819302558899,
    0.7018756866455078,
    0.770965576171875,
    0.8380797505378723,
    0.9090967774391174,
    0.9535030126571655
  ],
  "bin_count": [
    0,
    12,
    28,
    43,
    65,
    117,
    131,
    180,
    166,
    224,
    316,
    455,
    878,
    3321,
    4064
  ]
}