{
  "bin_left": [
    0.0,
    0.06666666666666667,
    0.13333333333333333,
    0.2,
    0.26666666666666666,
    0.3333333333333333,
    0.4,
    0.4666666666666667,
    0.5333333333333333,
    0.6,
    0.6666666666666666,
    0.7333333333333333,
    0.8,
    0.8666666666666667,
    0.9333333333333333
  ],
  "bin_right": [
    0.06666666666666667,
    0.13333333333333333,
    0.2,
    0.26666666666666666,
    0.3333333333333333,
    0.4,
    0.4666666666666667,
    0.5333333333333333,
    0.6,
    0.6666666666666666,
    0.7333333333333333,
    0.8,
    0.8666666666666667,
    0.9333333333333333,
    1.0
  ],
  "bin_acc": [
    0.0,
    0.0,
    0.0,
    0.2857142984867096,
    0.15789473056793213,
    0.15000000596046448,
    0.302325576543808,
    0.29870128631591797,
    0.34545454382896423,
    0.3947368562221527,
    0.4471544623374939,
    0.43703705072402954,
    0.5776397585868835,
    0.6091205477714539,
    0.9310733079910278
  ],
  "bin_conf": [
    0.0,
    0.0,
    0.17533954977989197,
    0.24419400095939636,
    0.3018556237220764,
    0.3704192042350769,
    0.4354468882083893,
    0.5036001205444336,
    0.5645028948783875,
    0.6340391635894775,
    0.6965372562408447,
    0.7665196061134338,
    0.8337379693984985,
    0.904558539390564,
    0.9942420125007629
  ],
  "bin_count": [
    0,
    0,
    5,
    7,
    19,
    20,
    43,
    77,
    110,
    114,
    123,
    135,
    161,
    307,
    8879
  ]
}