{
  "model": "vit_tiny",
  "epochs_run": 100,
  "optimizer": "adamw",
  "lr_final": 0.0,
  "weight_decay": 0.05,
  "batch_size": 32,
  "accum_steps": 2,
  "max_grad_norm": 1.0,
  "label_smoothing": 0.0,
  "mixup_cutmix": {
    "enabled": true,
    "prob": 0.8,
    "mixup_alpha": 0.2,
    "cutmix_alpha": 1.0,
    "switch_prob": 0.5
  },
  "ema": {
    "enabled": true,
    "decay": 0.9999,
    "eval": false
  },
  "val": {
    "loss": 0.7983950404942036,
    "top1": 0.8124,
    "top5": 0.9526
  },
  "test": {
    "loss": 0.671459115076065,
    "top1": 0.841,
    "top5": 0.9637
  },
  "ece_raw": 0.057714962327480315,
  "ece_temp_scaled": 0.012789853978157045,
  "temperature": 1.1999342441558838,
  "checkpoint": "./outputs\\vit_tiny_e100_bs32_acc2_20251203-023446\\checkpoints\\vit_tiny_best.pt",
  "run_dir": "./outputs\\vit_tiny_e100_bs32_acc2_20251203-023446"
}