{
  "bin_left": [
    0.0,
    0.06666666666666667,
    0.13333333333333333,
    0.2,
    0.26666666666666666,
    0.3333333333333333,
    0.4,
    0.4666666666666667,
    0.5333333333333333,
    0.6,
    0.6666666666666666,
    0.7333333333333333,
    0.8,
    0.8666666666666667,
    0.9333333333333333
  ],
  "bin_right": [
    0.06666666666666667,
    0.13333333333333333,
    0.2,
    0.26666666666666666,
    0.3333333333333333,
    0.4,
    0.4666666666666667,
    0.5333333333333333,
    0.6,
    0.6666666666666666,
    0.7333333333333333,
    0.8,
    0.8666666666666667,
    0.9333333333333333,
    1.0
  ],
  "bin_acc": [
    0.0,
    0.09090909361839294,
    0.27906978130340576,
    0.14035087823867798,
    0.3103448152542114,
    0.36666667461395264,
    0.34358975291252136,
    0.4429223835468292,
    0.4646017551422119,
    0.5108225345611572,
    0.5889830589294434,
    0.5945017337799072,
    0.692307710647583,
    0.7783312797546387,
    0.9482442736625671
  ],
  "bin_conf": [
    0.0,
    0.11430025100708008,
    0.1689811497926712,
    0.23900721967220306,
    0.30187758803367615,
    0.36800092458724976,
    0.43149274587631226,
    0.5005930066108704,
    0.5662589073181152,
    0.6328322887420654,
    0.7012529373168945,
    0.767670214176178,
    0.8352451324462891,
    0.9043275117874146,
    0.983627200126648
  ],
  "bin_count": [
    0,
    11,
    43,
    57,
    87,
    120,
    195,
    219,
    226,
    231,
    236,
    291,
    390,
    803,
    7091
  ]
}