{
  "bin_left": [
    0.0,
    0.06666666666666667,
    0.13333333333333333,
    0.2,
    0.26666666666666666,
    0.3333333333333333,
    0.4,
    0.4666666666666667,
    0.5333333333333333,
    0.6,
    0.6666666666666666,
    0.7333333333333333,
    0.8,
    0.8666666666666667,
    0.9333333333333333
  ],
  "bin_right": [
    0.06666666666666667,
    0.13333333333333333,
    0.2,
    0.26666666666666666,
    0.3333333333333333,
    0.4,
    0.4666666666666667,
    0.5333333333333333,
    0.6,
    0.6666666666666666,
    0.7333333333333333,
    0.8,
    0.8666666666666667,
    0.9333333333333333,
    1.0
  ],
  "bin_acc": [
    0.0,
    0.14705882966518402,
    0.2539682686328888,
    0.27559053897857666,
    0.36125653982162476,
    0.3980099558830261,
    0.47478991746902466,
    0.5276752710342407,
    0.5094339847564697,
    0.6442952752113342,
    0.6820809245109558,
    0.7361111044883728,
    0.8631319403648376,
    0.8966318368911743,
    0.9683377146720886
  ],
  "bin_conf": [
    0.061285823583602905,
    0.1111268550157547,
    0.16749520599842072,
    0.233552023768425,
    0.3038983941078186,
    0.36552706360816956,
    0.4344969391822815,
    0.49902331829071045,
    0.5667543411254883,
    0.6338636875152588,
    0.7024984359741211,
    0.7688292264938354,
    0.8367540836334229,
    0.9054088592529297,
    0.9678162336349487
  ],
  "bin_count": [
    2,
    34,
    63,
    127,
    191,
    201,
    238,
    271,
    265,
    298,
    346,
    504,
    811,
    1722,
    4927
  ]
}